id,site,job_url,job_url_direct,title,company,location,job_type,salary_source,interval,min_amount,max_amount,currency,is_remote,job_level,job_function,listing_type,emails,description,company_industry,company_url,company_logo,company_url_direct,company_addresses,company_num_employees,company_revenue,company_description,skills,experience_range,company_rating,company_reviews_count,vacancy_count,work_from_home_type
gd-1009948325553,glassdoor,https://www.glassdoor.co.in/job-listing/j?jl=1009948325553,,SOC Engineer (Remote role),"Protos IT, LLC",,,direct_data,hourly,70.0,75.0,USD,True,,,organic,,"Job Title: SOC Engineer

Location: Remote (Pref local to Washington, DC )

Duration: 6 \+ Months contract TO Hire

**US Citizens are encouraged to apply for this position, Pref consultants with Active public trust clearance.** 

This role focuses on engineering SOC data feed solutions, implementing SOAR capabilities, and ensuring feed health through cross\-team collaboration. The ideal candidate will have strong cybersecurity expertise, including network security, SIEM, incident response, and threat detection.

They will also serve as the backup SOC Lead, overseeing operations, managing escalations, and providing updates to senior leadership during critical incidents when the primary lead is unavailable.

​Key Responsibilities  
\- ​Microsoft Sentinel Engineering: Maintain and optimize a Microsoft Sentinel SIEM/SOAR solution in alignment with client requirements, industry best practices, and federal compliance mandates.  
\- ​Data Integration: Configure and manage log/data feeds from diverse sources (e.g., Fluent Bit, Windows Events, M365, cloud services, endpoint/security platforms).  
​\- Parsing \& Normalization: Develop and refine log parsing rules using Regex, DCRs, and custom transformations to ensure accurate and usable data in Sentinel.  
\- ​SOAR Development: Engineer automation and orchestration solutions using Microsoft Logic Apps, Azure Functions, and PowerShell/Python scripts to improve SOC efficiency and incident response.  
\- ​Threat Detection Engineering: Build, tune, and optimize analytic rules, UEBA, dashboards, and reports to improve detection and response coverage.  
​\- Collaboration: Partner with cross\-functional teams (network, endpoint, cloud, IT ops) to integrate new data sources and deliver actionable SOC capabilities.  
​\- Documentation \& Knowledge Transfer: Develop and maintain clear documentation of SOC architecture, log source onboarding, and automation playbooks; provide training for SOC analysts on new tools and processes.  
​\- Advisory \& Improvement: Conduct gap analyses of existing SOC capabilities, recommend improvements, and contribute to SOC process maturity.  
​\- Incident Response Support: Provide Tier 3 support and assist with complex investigations when required.

​Required Qualifications  
​\- U.S. Citizen with ability to obtain Public Trust clearance.  
​\- 2–5 years of experience in network defense, SOC engineering, or cybersecurity operations.  
\- ​Hands\-on experience with Microsoft Sentinel, including log onboarding, rule development, and automation.  
​\- Proficiency with log parsing and normalization (Regex, Fluent Bit, DCRs, KQL).  
​\- Strong scripting skills in PowerShell and/or Python for automation and data handling.  
​\- Experience configuring and maintaining data feeds for SOC visibility (cloud, endpoint, network, and on\-prem).  
​\- Familiarity with incident response concepts, threat detection engineering, and SOAR workflows.  
​\- Excellent written and verbal communication skills with ability to work across technical and non\-technical teams.

​Preferred Qualifications  
\- Knowledge of federal cybersecurity mandates (M\-21\-31, NIST Cybersecurity Framework, CISA Incident/Vulnerability Playbooks, BOD 22\-01\).  
\- Experience with Microsoft Logic Apps, Azure Functions, or other SOAR development platforms.  
​\- Experience with UEBA configuration to enhance anomaly detection.  
​\- Background in AI/ML frameworks for cyber analytics.  
​\- Experience building SOC metrics, dashboards, and reporting for operational visibility.  
​\- Familiarity with M365, Azure security tools, ServiceNow workflows, and CISA CDM tools.  
\- Relevant certifications such as CISSP, CISM, Microsoft Security Operations Analyst (SC\-200\), or Azure Security Engineer (AZ\-500\).

​Education \& Experience  
​\- Bachelor’s degree in Computer Science, Information Security, or related field (or equivalent experience).  
​\- ​5\+ years of progressive cybersecurity/SOC experience (engineering and operations).

Job Types: Full\-time, Contract

Pay: $70\.00 \- $75\.00 per hour

Education:

* Bachelor's (Preferred)

Experience:

* Regex, Fluent Bit, DCRs, KQL: 1 year (Preferred)
* PowerShell : 1 year (Required)
* Python: 1 year (Required)
* NIST Cybersecurity Framework: 1 year (Preferred)
* AI/ML frameworks : 1 year (Preferred)
* M365: 1 year (Preferred)
* SOC: 4 years (Required)
* Microsoft Sentinel SIEM/SOAR : 1 year (Required)

License/Certification:

* CISSP, CISM, or Azure Security Engineer (AZ\-500\) (Preferred)

Security clearance:

* Confidential (Preferred)

Work Location: Remote",,https://www.glassdoor.co.in/Overview/W-EI_IE4511165.htm,https://media.glassdoor.com/sql/4511165/pro-it-squarelogo-1626100463550.png,,,,,,,,,,,
gd-1009948851370,glassdoor,https://www.glassdoor.co.in/job-listing/j?jl=1009948851370,,AI Engineer – Prachub (Startup),Prachub.com,,,direct_data,yearly,103751.0,124948.0,USD,True,,,organic,,"**About Us**  
Prachub is an early\-stage startup on a mission to make **tech interview prep transparent and accessible**. We curate real interview experiences, provide in\-browser SQL \& coding practice, and build role\-specific resources for SDE, Data, PM, and more.

We’re now looking for an **AI Engineer** to join our founding team. You’ll work at the intersection of product and machine intelligence, helping us bring cutting\-edge AI into the interview prep experience.

To be considered for this role, please include a **short cover letter** sharing your thoughts on how Prachub could be improved.

Our website: www.prachub.com

**What You’ll Do**

* Design and implement **AI\-powered features**: automated code review, personalized study plans, question difficulty ranking, etc.
* Build and integrate **LLM\-based systems** (e.g., GPT, open\-source models) into production.
* Work with the product team to prototype and iterate AI\-driven user experiences.
* Develop pipelines for training, fine\-tuning, and deploying models at scale.
* Stay up\-to\-date with emerging AI tools and evaluate their application to our platform.
* Help define our **long\-term AI strategy** and architecture.

**What We’re Looking For**

* Proficiency in **Python** and modern AI/ML frameworks (PyTorch, TensorFlow, HuggingFace, LangChain).
* Experience building applications with **LLMs, NLP, or recommender systems**.
* Familiarity with cloud deployment (AWS/GCP/Azure).
* Strong problem\-solving skills and the ability to move fast in a startup environment.
* Bonus: previous experience integrating AI into **edtech or community platforms**.
* A builder’s mindset: curious, resourceful, and ready to own projects end\-to\-end.

**Why Join Us?**

* **Impact**: Shape how thousands of students and professionals prepare for FAANG\+ interviews.
* **Ownership**: As one of the first AI hires, you’ll set the direction of AI at Prachub.
* **Mission\-driven**: We’re leveling the playing field in tech recruiting by making prep smarter and fairer.
* **Growth**: Early startup stage \= fast learning, big responsibility, rapid career growth.

Interested? Apply now or DM me — Apply https://prachub.com

Pay: $103,751\.10 \- $124,947\.56 per year

Application Question(s):

* If you were to use our platform (Prachub) for interview preparation, what types of questions or topics would be most valuable to you? (e.g., SQL challenges, real interview questions, case studies, product analytics problems, etc.)

https://prachub.com

Work Location: Remote",,https://www.glassdoor.co.in/Overview/W-EI_IE10828012.htm,,,,,,,,,,,,
gd-1009948201461,glassdoor,https://www.glassdoor.co.in/job-listing/j?jl=1009948201461,,AI Automation Engineer,Suprha Svc LLC,,,direct_data,hourly,60.0,65.0,USD,True,,,organic,,"Role Overview

We are looking for a highly technical Engineer to design, build, and operationalize AI\-driven automation across the enterprise, with a strong emphasis on agent development in Glean. You will take complex cross\-functional business workflows (IT, HR, supply chain, operations, finance, etc.) and convert them into intelligent, production\-grade agents that leverage LLMs, retrieval pipelines, and API\-based orchestration.

What You’ll Work On

Designing and implementing Glean\-native agents, including:

Multi\-step orchestration flows

Retrieval and grounding strategies

Tool invocation and function execution

Enterprise knowledge integration

Building Slack automations using Bolt or similar frameworks—covering workflows, event listeners, command handlers, modal flows, and backend services

Developing reusable automation components and libraries that support multi\-step reasoning and tool\-use

Constructing LLM\-powered agents using frameworks like LangChain, LangGraph, or comparable agent ecosystems

Integrating automations with enterprise systems (Workday, Salesforce, Jira, ServiceNow, custom APIs, etc.) using secure, scalable patterns

Implementing telemetry, logging, governance, and security controls for production\-grade agent deployments

Working closely with product, IT, and business stakeholders to translate process requirements into deterministic, testable automation logic

Required Technical Skills

Deep hands\-on experience with Glean, including agent creation, orchestration flows, retrieval patterns, schema/connector understanding, and platform\-specific function invocation

Strong proficiency in Python, Node.js, or TypeScript, with the ability to write clean, modular code

Experience designing and deploying Slack\-native automations (Bolt or equivalent), with an understanding of Slack events, permissions, and workflow triggers

Solid knowledge of LLM agent frameworks (LangChain, LangGraph, or equivalent) and best practices for prompt engineering, grounding, and reasoning

Experience building scalable API integrations and working with REST/GraphQL endpoints

Familiarity with enterprise systems such as Workday, Salesforce, ServiceNow, or Jira

Understanding of enterprise security, authentication models (OAuth/SAML/JWT), logging, and monitoring for production environments

Preferred Experience

Prior experience with vector retrieval, embeddings, or semantic search

Knowledge of CI/CD pipelines for automation deployments

Familiarity with cloud infrastructure (AWS, GCP, Azure)

Experience with event\-driven architectures or message queues

Job Types: Full\-time, Contract

Pay: $60\.00 \- $65\.00 per hour

Work Location: Remote",,,,,,,,,,,,,,
gd-1009948399073,glassdoor,https://www.glassdoor.co.in/job-listing/j?jl=1009948399073,,AI Deployment Engineer,Crescendo,,,,,,,,True,,,organic,careers@crescendo.ai,"**Role Details**

**Location:** United States  

**Work Arrangement:** Remote

 **About Us**

**Crescendo** represents peak CX performance in the AI era. We combine world\-class outsourcing expertise with innovative technology to set a new standard in CX and operations, delivering results that scale and support that never sleeps.


More than that, Crescendo is about people. We don’t just connect talent with opportunity—we create a place where careers grow, ideas thrive, and people are empowered to make an impact.


Join us at Crescendo, and let’s build the future of customer experience together.

 **The Role**


Crescendo is hiring an **AI Deployment Engineer** to manage technical implementation activities following a customer sale and throughout the customer’s onboarding process. You will ensure our customers have a successful implementation and onboarding \- on\-time and within budget. Onboarding a new Partner is arguably the most important milestone in their journey with Crescendo. Their anticipation and expectations are at an all\-time high during the time period immediately following contract execution. We can capitalize on this enthusiasm by providing an experience for our Partners that leads to early wins and sustained success.


In this role, you will collaborate with Product, Engineering, CX Design, Operations, and other internal stakeholders to ensure all new onboarding efforts accurately address Partner needs and are appropriately supported by key stakeholders.

 **What You’ll Do:**

* Collaborate with customers and pre\-sales teams to understand requirements through detailed discovery and information gathering.
* Work with Engineering and Product teams to review the scope, discuss CX design options, identify potential risks and establish timelines.
* Design, build, and deploy the CX bot.
* Collaborate with design engineering teams and the Partner to connect the Partner’s knowledge sources to the platform.
* Develop, test, and implement the models to enhance bot accuracy, performance and stability.
* Integrate bot with existing systems and platforms to provide seamless user experiences.
* Facilitate User Acceptance Testing with the Partner to validate the deployment.
* Oversee the bot's deployment to the production environment, ensuring a smooth launch.
* Continuously monitor and optimize bot performance, adjusting based on user feedback and analytics.
* Create operating procedures for support associates and ensure successful completion of their training on support systems and the AI bot.
* Serve as a liaison between Crescendo’s Product team and customers, capturing feedback and communicating product updates.
* Collaborate with Sales, Customer Success and other internal teams to ensure consistent customer experiences.

 **What We Expect From You:**

* 4\-6 years of experience building and deploying conversational AI solutions (voice and chat bots).
* 4\-6 years of experience in a customer\-facing implementation or consulting role, preferably in B2B SaaS or enterprise software
* Experience integrating AI solutions with support CRMs such as Zendesk, Gorgias, and Kustomer, including configuring workflows, ticketing logic, and data handoffs between systems
* Demonstrate strong practical knowledge of web technologies, including HTML, CSS and JavaScript.
* Excellent communication, presentation, and interpersonal skills, with the ability to influence and persuade C\-suite leaders and stakeholders.
* Demonstrated ability to collaborate with cross\-functional teams and stakeholders to achieve shared goals.
* Excellent project management and organizational skills, with the ability to prioritize and delegate tasks effectively.
* Strong analytical and problem\-solving abilities.

 **Here’s What’s On the Table**

* Take on challenges that actually move the needle in an industry ready for change.
* Earn competitive pay while building a career with endless opportunities.
* Enjoy remote work with the focus and flexibility to do your best work.
* Grow in an environment that rewards ambition and sharp execution.
* Thrive in a team environment where collaboration is the foundation of your success.
**Company Culture Is At Our Core**


Core values give our work intention and our culture its edge. They’re the standards we hold for ourselves, our partners, and each other.


* **Care for others:** Empathy is a key driver. When people thrive, so does the mission.
* **Embrace growth:** Curiosity fuels progress. Take bold risks, sharpen your edge, go forward.
* **Manifest trust:** Trust is our currency. Earn it daily, protect it fiercely, and let it fuel what’s next.
* **Take ownership:** Bold choices with integrity at the core—that’s how impact lasts.
* **Be humble:** Humility opens the door to better ideas. Hear others, lift others, keep learning.


**Crescendo** is proud to be an equal\-opportunity workplace. We value diversity, inclusion, equity, and belonging and these pillars are at the heart of how we work together. We are committed to providing equal employment opportunities regardless of race, color, ancestry, religion, sex, national origin, sexual orientation, age, citizenship, marital status, disability, gender identity, Veteran status, or any other applicable legally protected characteristics in the location in which the candidate is applying. We also consider qualified applicants regardless of criminal histories, consistent with legal requirements.


We are committed to the inclusion of all individuals and will make reasonable accommodations for qualified individuals with disabilities in our job application process. If you require assistance or accommodations to participate in the job application or interview process, please contact careers@crescendo.ai.


**PRIVACY NOTICE**


Crescendo is committed to ensuring your privacy and the protection of your personal data. By filling out the forms associated with your job application and submitting your data to us, you are giving us your consent to process your data and store it for potential recruitment and hiring purposes.


To understand more about Crescendo’s privacy program, including your rights and options for managing the personal data you submit to us, please visit our Privacy Center here.




CBaG16jF83",,https://www.glassdoor.co.in/Overview/W-EI_IE1425917.htm,https://media.glassdoor.com/sql/1425917/crescendo-squarelogo-1496122651617.png,,,,,,,,,,,
gd-1009948784740,glassdoor,https://www.glassdoor.co.in/job-listing/j?jl=1009948784740,,Generative AI Engineer,GTA (Global Technology Associates),,,direct_data,yearly,140000.0,160000.0,USD,True,,,organic,,"**Key Responsibilities**

* Architect and develop end\-to\-end AI agent systems capable of multi\-step reasoning, planning, and self\-correction.
* Build modular agent architectures enabling collaboration and task delegation.
* Utilize, fine\-tune, and integrate LLMs and generative AI models to enable contextual agent behavior.
* Implement grounding techniques using real\-world data and context (RAG, vector DBs, etc.).
* Design and refine prompts to guide agent execution and behavior.
* Build orchestration flows for multi\-agent systems and automated task execution.
* Integrate agents with external tools, APIs, databases, and vector stores.
* Develop and maintain backend infrastructure supporting agent\-tool interactions.
* Ensure scalability, reliability, and observability of deployed agentic systems.
* Apply MLOps best practices for deployment, monitoring, and versioning.
* Stay current with advancements in agentic AI and contribute to innovation and experimentation.
* Conduct exploratory data analysis (EDA) to identify trends and patterns.
* Build dashboards and visualizations (Looker, Excel, etc.) to present insights.
* Collaborate with data scientists, product managers, and software engineers on requirements and execution.
* Communicate complex concepts clearly with both technical and non\-technical stakeholders.
* Mentor junior team members and participate in code reviews.

**Required Skills \& Qualifications**

* Bachelor’s/Master’s in CS, AI, or related field, or equivalent experience.
* Proficiency in Python and AI/ML libraries (PyTorch, TensorFlow, etc.).
* Experience building and deploying AI agents or other autonomous systems.
* Practical experience with LLMs, generative AI, and prompt engineering.
* Experience fine\-tuning LLMs and grounding models using RAG / vector DBs.
* Strong data analysis / EDA and ETL skills.
* Solid software engineering fundamentals (system design, testing, Git, etc.).
* Experience building backend infrastructure for AI/ML pipelines.
* Familiarity with cloud platforms (AWS, Azure, GCP).
* Proven experience using AI\-assisted workflows during development.
* Hands\-on experience with agentic frameworks (LangChain, LlamaIndex, AutoGen, Semantic Kernel).
* Strong problem\-solving and communication skills.
* Ability to mentor junior talent and conduct code reviews.

**Nice\-to\-Have**

* Experience with conversational AI / chatbots.
* Understanding of LLM security (prompt injection, etc.).
* Experience deploying AI models in low\-latency, high\-throughput environments.
* Portfolio of projects demonstrating experience with AI agents.

Job Type: Full\-time

Pay: $140,000\.00 \- $160,000\.00 per year

Application Question(s):

* Can you describe your hands\-on experience building AI agents or multi\-agent workflows using frameworks like LangChain, LangGraph, AutoGen, CrewAI, or Semantic Kernel?
* Have you worked on fine\-tuning LLMs (LoRA/QLoRA, RLHF) or designing advanced prompt orchestration for task planning or agent behavior?
* What experience do you have with RAG pipelines, embeddings, and vector databases such as FAISS, Pinecone, Weaviate, Milvus, or pgvector?
* Have you built systems where AI agents interact with external tools, APIs, databases, or backend services to complete tasks autonomously?
* Can you walk me through your background in Python, FastAPI, cloud platforms (AWS/GCP/Azure), and MLOps as they relate to deploying LLM or agentic AI systems?
* Current visa status
* Current Location
* Desired Salary

Work Location: Remote",,https://www.glassdoor.co.in/Overview/W-EI_IE2794874.htm,https://media.glassdoor.com/sql/2794874/global-technology-associates-gta-squarelogo-1634631188214.png,,,,,,,,,,,
gd-1009948365558,glassdoor,https://www.glassdoor.co.in/job-listing/j?jl=1009948365558,,Senior Data Engineer – AI Solutions,Quisitive,"Austin, TX",,direct_data,yearly,131862.0,176393.0,USD,False,,,organic,,"Passionate team members, challenging projects and a great place to work! This is what you can expect if you join the Quisitive team. Founded in 2016, Quisitive is a global Microsoft services and solutions partner. We are a team of professionals with a strong reputation for successfully delivering award\-winning Microsoft solutions, including being ***named Microsoft's 2024 Analytics Partner of the Year***. Our culture of continual learning and innovation ensures that we remain committed to Microsoft's long\-term strategy.



What do we attribute our award\-winning success to? The people we hire, of course! Our team members join Quisitive for more than just a job. They come to Quisitive to contribute to something bigger than themselves – to be part of a high\-performing culture, continue their infinite quest to learn, and deliver innovative and exciting solutions that impact both Quisitive's and our customers' future success. Our leaders continuously strive to provide the tools and resources that you need to do what you do best each and every day!



We are currently hiring a **Sr. Data Engineer** with strong AI experience to join our team and help build the backbone of our data\-driven solutions. This role is perfect for someone who loves working with large\-scale data, optimizing pipelines, and exploring cutting\-edge AI technologies. You'll play a key role in designing and maintaining systems that power intelligent applications and knowledge management platforms.


***This role can be located anywhere in the United States.***


**What will this role entail?**


* Building and maintaining backend data ingestion and embedding pipelines
* Setting up environments, clone repositories, and running pipelines in JupyterHub
* Working on large\-scale ETL processes, including converting Iceberg tables to Parquet and exporting data to S3 buckets
* Designing and optimizing schemas for Neo4j\-based graph solutions
* Integrating knowledge workflows and KB articles into graph structures for advanced retrieval
* Troubleshooting data quality issues and optimizing Spark jobs for efficiency
* Implementing retry mechanisms and debugging full\-stack issues related to large file operations
* Managing secure access using JWT and Kerberos authentication
* Handling credentials for Oracle DB and API clients via HashiCorp Vault
* Working with GitLab for source control and Jira for project tracking
* Supporting migration efforts from Azure DevOps to GitLab/Jira environments


**What's required to be successful in this role?**


* Strong proficiency in Python for data processing and pipeline development
* Hands\-on experience with Spark, Iceberg, and large\-scale data frameworks
* Familiarity with Neo4j, LangChain, and LLM integration for AI\-driven solutions
* Experience with Oracle DB, PostgreSQL, and PGVector for embedding strategies
* Comfortable working with S3 buckets, Parquet, and CSV formats
* Exposure to embedding models like BGEM 3 and Nomic
* Understanding of AI\-powered retrieval and recommendation systems
* JupyterHub for testing/debugging
* Power BI for dashboard development and reporting
* Knowledge of Kerberos authentication and secrets management with HashiCorp Vault


We are looking for curious initiative takers to join our team, so if you are passionate about working with smart people that are committed to accomplishing great things, then apply today!


*Please, no third\-party agency inquiries, and we are unable to offer visa sponsorships at this time.*


**About Quisitive**



With significant growth since 2016, Quisitive is rapidly achieving our vision of becoming the leading global Microsoft partner as we continue to expand across the United States, Canada and India. With a diversified delivery model that includes both nearshore and offshore capabilities, our team of Microsoft experts delivers cloud and artificial intelligence business solutions and services that ensure our customers achieve their digital transformation goals. In addition, Quisitive offers a portfolio of industry\-focused solutions that address customer challenges in healthcare, manufacturing, state \& local government and performance management.",,https://www.glassdoor.co.in/Overview/W-EI_IE1468542.htm,https://media.glassdoor.com/sql/1468542/quisitive-squarelogo-1563204478187.png,,,,,,,,,,,
gd-1009948278384,glassdoor,https://www.glassdoor.co.in/job-listing/j?jl=1009948278384,,Open Source Developer – Full Remote,Top web,,,direct_data,hourly,90.0,120.0,USD,True,,,organic,,"We are seeking talented open\-source contributors and experienced engineers to help review, maintain, and troubleshoot production\-level repositories. If you’re deeply familiar with Git, love solving complex problems, and enjoy contributing to real\-world code, this role is an excellent fit.

**Who You Are**

* An open\-source developer or maintainer with hands\-on experience contributing to or reviewing live repositories.
* Highly comfortable working with Git at an advanced level.
* Skilled in diagnosing repository issues, restoring broken histories, and resolving problems without data loss.

**Preferred Qualifications**

* 3\+ years of software engineering experience in open\-source, backend development, DevOps, or related fields.
* A proven track record of contributions on GitHub, GitLab, or other open\-source platforms.
* **Bonus:** Experience performing code reviews or evaluating AI/LLM\-generated code.

**Why Join Us**

* **Fully remote and flexible** – work from anywhere and on your own schedule.
* **High hourly compensation**: earn $90–$120/hour for your expertise.
* Convert your open\-source experience into impactful, valuable contributions.

We welcome applicants from all backgrounds and consider all qualified candidates without regard to legally protected characteristics. We also provide reasonable accommodations upon request.

If you're passionate about open\-source and ready for high\-impact work from anywhere in the world, we’d love to connect.

Job Type: Part\-time

Pay: $90\.00 \- $120\.00 per hour

Expected hours: 10 – 40 per week

Work Location: Remote",,,,,,,,,,,,,,
gd-1009948850564,glassdoor,https://www.glassdoor.co.in/job-listing/j?jl=1009948850564,,Machine Learning Engineer – (Startup),Prachub.com,,,direct_data,yearly,121111.0,145855.0,USD,True,,,organic,,"**Machine Learning Engineer – Prachub (Early\-stage Startup)**

**About Us**  
Prachub is an early\-stage startup making **tech interview prep more transparent and accessible**. We curate real interview experiences, provide in\-browser SQL \& coding practice, and build resources across SDE, Data, PM, and more.

Now, we’re looking for our **first Machine Learning Engineer** to join the founding team. You’ll help us explore and build AI\-powered features that make interview prep smarter and more personalized.

To be considered for this role, please include a **short cover letter** sharing your thoughts on how Prachub could be improved.

Our website: www.prachub.com

**What You’ll Do**

* Design and implement ML/AI features to improve interview prep (e.g., automated feedback on coding, question difficulty ranking, personalized learning paths).
* Build and fine\-tune models for NLP tasks such as question classification, semantic similarity, and answer evaluation.
* Collaborate with engineers and products to integrate ML into core workflows.
* Set up scalable pipelines for training, evaluation, and deployment.
* Research and prototype with LLMs and generative AI to enhance user experience.
* Lay the foundation for a long\-term **AI/ML roadmap** at Prachub.

**What We’re Looking For**

* Degree in CS, Data Science, or related field (or equivalent experience).
* 1\+ years of ML/AI experience (internships/projects count).
* Strong skills in **Python \+ ML frameworks** (PyTorch, TensorFlow, HuggingFace, LangChain).
* Experience with **NLP, recommender systems, or generative AI**.
* Familiarity with cloud platforms (AWS/GCP/Azure) and deployment pipelines.
* Bonus: experience integrating AI into production\-facing apps.
* Startup mindset: resourceful, scrappy, comfortable wearing multiple hats.

**Why Join Us?**

* **Impact**: Your models will directly shape how thousands of students prepare for interviews.
* **Ownership**: First ML hire — you’ll set the technical direction and best practices.
* **Mission\-driven**: Help level the playing field in tech recruiting by making prep fairer and more accessible.
* **Growth**: Be part of an early team with opportunities to grow into leadership as we scale.

Apply now or DM me. https://prachub.com

Pay: $121,111\.36 \- $145,854\.53 per year

Application Question(s):

* If you were to use our platform (Prachub) for interview preparation, what types of questions or topics would be most valuable to you? (e.g., SQL challenges, real interview questions, case studies, product analytics problems, etc.)

https://prachub.com

Work Location: Remote",,https://www.glassdoor.co.in/Overview/W-EI_IE10828012.htm,,,,,,,,,,,,
gd-1009948234064,glassdoor,https://www.glassdoor.co.in/job-listing/j?jl=1009948234064,,AI Software Developer,"IT Engagements,Inc.",,,direct_data,hourly,65.0,65.0,USD,True,,,organic,divya@itengagements.com,"Hi,

Greetings from IT Engagements IT Engagements is a global staff augmentation firm providing a wide\-range of talent on\-demand and total workforce solutions. We have an immediate opening for the below position with one of our premium clients.

* **Role: AI Software Developer**
* **Start: ASAP**
* **Location: Remote – USA – EST timezone**
* **Duration: 12months\+ extensions**

**Responsibilities:**

* Design and build agentic systems that autonomously perform tasks, interact with users, and adapt to dynamic environments.
* Write clean, scalable, and maintainable code, following best practices and design patterns.
* Collaborate with architecture, product, security, and engineering teams to align solutions with business goals.
* Research and experiment with emerging AI frameworks and design principles to keep our systems cutting\-edge.
* Develop prototypes and proofs of concept, evolving them into production\-ready solutions.
* Deploy and manage AI solutions on cloud platforms (AWS, Azure, GCP) ensuring top performance and scalability.

**Required Skills:**

* 5\+ years in AI/ML engineering, with 2\+ years focused on agentic AI or autonomous systems.
* Proven experience building multi\-agent systems from scratch.
* Ability to move AI agents from PoC to production.
* Hands\-on experience with Agentic Frameworks (LangChain, LangGraph, ADK).
* Knowledge of LLM Integration Platforms (OpenAI API, Claude API, Azure OpenAI, Vertex AI, vLLM, Ollama).
* Familiarity with tool\-using AI systems: function calling, API integrations, IDEs (Cursor, Windsurf), notebooks (Jupyter).

**Thanks and Regards**

**Divya kumari**

**Technical Recruiter**

**divya@itengagements.com** 

Job Type: Contract

Pay: From $65\.00 per hour

Work Location: Remote",,https://www.glassdoor.co.in/Overview/W-EI_IE6118143.htm,,,,,,,,,,,,
gd-1009947503983,glassdoor,https://www.glassdoor.co.in/job-listing/j?jl=1009947503983,,AI/LLM Engineer (remote),Safe Sign Technologies,"Cambridge, MA",,direct_data,yearly,150000.0,150000.0,USD,False,,,organic,,"Join Safe Sign Technologies, a cutting\-edge legal technology start\-up founded at the University of Cambridge. Safe Sign aims to democratise the law for all people, equipping consumers and SMEs with robust and reliable tools to navigate legal complexity. As an **AI/LLM Engineer**, you will work alongside a world\-leading team, innovating and delivering best\-in\-class technologies, often in demanding conditions and against challenging deadlines. Independent working, subject matter excellence and proactiveness are essential.

 **Responsibilities**


* LLM prompt engineering (Instruction Tuning, Chain\-of\-thought, automated prompt Engineering)
* LLM training \& fine\-tuning (Parameter Efficient, Few\-medium shot, )
* Experimentation
* Analysis and presenting results
* Active study and keeping up with research literature
* Ability to work independently
* Ability to work towards an agreed goal and meet demanding deadlines

**Qualifications and experience**

* Bachelor's degree in Computer Science, Engineering, Mathematics or related fields
* Ability to implement and verify state\-of\-the\-art algorithms
* Experience running and managing experiments, analysing results and creating insights
* Proficiency in software development (Python, Github, Jupyer Notebooks, etc.)
* Proficiency with deep learning packages (such as PyTorch, Jax, or TensorFlow)
* Experience with ML / LLM Software packages (e.g. HuggingFace, wandb, numpy, matplotlib, NLTK, etc.)
* Good problem\-solving and communication skills
* Ability to work in a dynamic and fast\-paced environment
* Ability to demonstrate passion and knowledge in terms of relevant research topics
* Experience solving complex technical problems

**Qualifications and experience (preferred)**

* Master's or PhD in NLP or Machine Learning
* First author/lead author publications at leading AI and NLP conferences (such as EMNLP, ACL, ICLR, ICML, NeuRIPS)
* Demonstrated projects where relevant expertise has been used for real problems
* Several years of experience working in this field

**Salary \& Benefits**

* Up to $150k/year salary
* Real ability to shape technical agenda and have a deep impact
* Mentorship and advice from top ML scientists (ex\- or current DeepMind, Cambridge, UCL, Harvard)
* Fully remote working",,https://www.glassdoor.co.in/Overview/W-EI_IE9387560.htm,,,,,,,,,,,,
in-66232c300199e0b5,indeed,https://in.indeed.com/viewjob?jk=66232c300199e0b5,http://in.indeed.com/job/software-engineer-net-core-66232c300199e0b5,Software Engineer (.NET Core),Stacknize Solution LLP,"PB, IN",fulltime,,,,,,False,,,,,"**JOB TITLE:** Software Engineer (.NET Core)

**LOCATION:** Mohali

**CONTEXT\-**

Stacknize Solution (www.stacknize.com) is a digital technology company that provides end\-to\-end product engineering services. Our engineering services includes Enterprise platform development, web \& mobile application development, user experience design, cloud, testing and infrastructure managed services to transform businesses digitally. We also enable enterprises with contextual and personalized two\-way multi \-channel mobile communications, including SMS, voice, email and PWA technology.

We believe in small teams of smart, committed, and diverse individuals coming together and form a breakthrough insight. We are a team of passionate professionals to craft an unbeatable culture service.

Come and join us!

**SKILLS REQUIRED:**

· **2\-5 years of experience working as a .NET Core Developer.**

· Strong programming skills in C\# and .NET Framework.

· Experience with MySQL / SQL Server, including database design, querying, stored procedures, views, joins, functions.

· Strong experience in Writing code and debugging skills with ASP.net, MVC, Web API, and web services (REST, etc.)

· Implemented UI using MVC, HTML, XML, CSS, JavaScript, AngularJS, AJAX and Web Form Controls to create responsive web pages, developed Master Pages.

· Experience with database management systems, web technologies, and software development methodologies such as agile or scrum.

· Experience on Version Control \- Git/SVN.

**JOB RESPONSIBILITIES:**

· Develop new features using .NET Core framework

· Utilize .NET infrastructure to create software solutions.

· Develop technical interfaces, specifications, and architecture.

· Use and adapt existing web applications for apps.

· Assist software personnel in handling project related work and other requirements.

· Coordinate with other software professionals and developers.

**PERKS:**

· Opportunity to work on groundbreaking AI projects.

· A culture of learning and growth.

· A talented and supportive team.

· Competitive salary and benefits package.

Job Types: Full\-time, Permanent

Pay: ₹400,000\.00 \- ₹600,000\.00 per year

Benefits:

* Flexible schedule
* Health insurance
* Leave encashment
* Paid sick time
* Paid time off
* Provident Fund

Work Location: In person",,https://in.indeed.com/cmp/Stacknize-Solution-LLP,,,,,,,,,,,,
in-bec352a1933e646c,indeed,https://in.indeed.com/viewjob?jk=bec352a1933e646c,https://careers.google.com/jobs/results/80720323179094726-engineering-analyst/,"Engineering Analyst, Trust and Safety",Google,"KA, IN",fulltime,,,,,,False,,,,,"### **Minimum qualifications:**

* Bachelor's degree or equivalent practical experience.
* 2 years of experience in data analysis, including identifying trends, generating summary statistics, and drawing insights from quantitative and qualitative data.
* 2 years of experience managing projects and defining project scope, goals, and deliverables.

  

### **Preferred qualifications:**

* Experience in digital advertising industry in a technical role.
* Experience in data management, metrics analysis, experiment design and automation.
* Experience with fraud and risk management or statistical and quantitative modeling.
* Experience applying AI/ML in industry setting.
* Excellent written, verbal, and people management skills to communicate technical concepts with cross\-regional and cross\-functional stakeholders at all levels.
* Excellent problem\-solving and critical thinking skills with attention to detail in an ever\-changing environment.

**About the job**
-----------------


The mission of our team is to protect Google's users and advertisers by making the ads ecosystem universally trusted and defended against invalid traffic and ensuring publishers comply with our policies.  


We defend Google's ad products from fraud and abuse. We evaluate millions of publishers, analyze billions of events, and create scalable methods to stop bad actors and motivated fraudsters from causing harm. We understand the user's point of view and are passionate about using our technical, sales, and customer service acumen to protect them. When we get this right, we help users, advertisers, publishers, and Google harness information and monetize the internet safely and usefully.
Google is an engineering company at heart. We hire people with a broad set of technical skills who are ready to take on some of technology's greatest challenges and make an impact on users around the world. At Google, engineers not only revolutionize search, they routinely work on scalability and storage solutions, large\-scale applications and entirely new platforms for developers around the world. From Google Ads to Chrome, Android to YouTube, social to local, Google engineers are changing the world one technological achievement after another.**Responsibilities**
--------------------

* Perform analysis and investigations using a variety of data sources and take enforcement actions to identify and defend novel fraud and abuse on Google's ad products.
* Partner closely with Engineering teams to improve ad traffic infrastructure, defense systems, and workflows. Proactively identify and help implement efficiency improvements through advanced machine learning techniques, scaled defenses, and automation.
* Drive full life\-cycle projects across Product, Engineering, and Trust and Safety teams to prevent abuse by improving policies and closing product vulnerabilities.
* Work collaboratively with teammates around the globe and deliver projects from beginning to end in a timely manner.
* Be able to review or be exposed to sensitive content.
Google is proud to be an equal opportunity workplace and is an affirmative action employer. We are committed to equal employment opportunity regardless of race, color, ancestry, religion, sex, national origin, sexual orientation, age, citizenship, marital status, disability, gender identity or Veteran status. We also consider qualified applicants regardless of criminal histories, consistent with legal requirements. See also Google's EEO Policy and EEO is the Law. If you have a disability or special need that requires accommodation, please let us know by completing our Accommodations for Applicants form.",,https://in.indeed.com/cmp/Google,https://d2q79iu7y748jz.cloudfront.net/s/_squarelogo/256x256/d778456838f54580d43f7dd78b3b0d9c,http://goo.gle/3ygdkgv,"Mountain View, CA","10,000+",more than $10B (USD),Our mission is to organize the world’s information and make it universally accessible and useful. ,,,,,,
in-503046b3084faad2,indeed,https://in.indeed.com/viewjob?jk=503046b3084faad2,http://in.indeed.com/job/sr-ai-engineer-503046b3084faad2,Sr AI Engineer,ArcVision Technologies,"TN, IN",fulltime,,,,,,False,,,,,"**Purpose:**

To design and optimize AI algorithms for robotics and automation, ensuring performance, scalability, and compliance with project objectives.

**Roles :** 

**Project Design and Development** 

● Develop and optimise AI models for classification, regression, and predictive analytics.

● Implement algorithms for machine learning and sensor fusion in autonomous systems.

● Support data collection and preprocessing for AI model development.

**Quality Assurance** 

● Perform unit testing, system validation, and performance analysis of AI systems. ● Assist in troubleshooting and resolving technical issues.

**Collaboration and Support** 

* Work closely with the AI Systems Lead Engineer to execute the project task
* Coordinate with robotics and software engineering teams for system integration.

**EDUCATION** 

* BE / BTech or Master’s Degree in Information Technology or Computer Science Engineering
* Certifications in Machine Learning or Artificial Intelligence is preferred.

**Work Experience** 

3\-5 years of experience in machine intelligence, including AI/ML development and deployment.

Should have successfully executed at least 1 client project as a project lead with a team of engineers reporting to the candidate.

Practical experience of executing projects with DevOps, DevSecOps, Agile/Scrum and / or Kanban methodologies

Should have used Azure DevOps, Jira or equivalent project management tool. Created and groomed epics/user stories/tasks. Estimated story points and assigned work.

Should have directly interfaced with the client in prior roles.

Experience of handling contractors and vendors.

Experience interviewing \& hiring candidates.

**Knowledge \& Skills** 

● Strong verbal and written technical communication \& presentation skills.

● Demonstrated leadership and coordination skills for engagement of multi\-disciplinary teams.

**Prior technical expertise and skills desired:** 

● Expertise at programming using Python, Java, C/C\+\+ or an equivalent programming language

● Should have architected solutions, coded modules, performed testing and deployments.

● Should be familiar with API development, technologies such as Postman, API Gateway, Azure/Google API

● Knowledge of Unit testing, Automation Testing (Java Selenium or equivalent), VAPT, Pen testing, application security, API security, DevSecOps tools (SAST, SCA, DAST, IAST)

● Knowledge of deployment pipelines required.

● Knowledge of public cloud (AWS, Azure or GCP) with various services including cloud native AI/ML services, is good to have.

● Prior experience in creating and fine\-tuning AI/ML models \- regression, classification, neural networks required. Should have knowledge of Sagemaker, Vertex AI Studio or equivalent.

● Should be familiar with LLMs, OpenAI GPT / Llama / AWS Bedrock / Huggingface open\-source LLMs etc.

● Basic working knowledge of CAD / Solidworks is good to have

● Conference presentations, publications, patents are good to have.

* Collaborate with team members and contribute to a knowledge sharing environment.
* Ensure high\-quality execution of AI model development and deployment processes.
* Assist in delivering AI solutions that meet client needs and technical specifications.
* Support cost\-effective development and deployment strategies.
* Contribute to innovative AI model development and optimization techniques.

Job Type: Full\-time

Pay: ₹500,000\.00 \- ₹1,600,000\.00 per year

Work Location: In person",,https://in.indeed.com/cmp/Arcvision-Technologies-3,,,,,,,,,,,,
in-5be36549f9e288d0,indeed,https://in.indeed.com/viewjob?jk=5be36549f9e288d0,http://in.indeed.com/job/python-backend-developer-aiml-5be36549f9e288d0,Python Backend Developer With AIML,HealthEC,"HR, IN",fulltime,,,,,,True,,,,,"**Company/Payroll :** Infotech Global (India) Pvt Ltd

**Client :** Mckinsey

**Job Title :** AI Backend Engineer – CST Team

**Location :** Gurgaon, HR

**Work Mode** : 3 Days WFO, 2 Days Remote

**Notice Period :** Immediate – 30 Days

**Employment Type :** Full\-Time with Infotech Global

**Experience Level:** Mid to Senior Level

We are looking for a talented and experienced **Backend Developer/Engineer** to join our engineering team. The ideal candidate should have strong expertise in **Python (FastAPI)** and **Node.js**, with hands\-on experience across **Relational**, **NoSQL**, and **Vector Databases**. You will be responsible for building and scaling backend systems, integrating **AI/LLM\-powered features** using frameworks like **LangChain** and **LangGraph**, and deploying solutions on **AWS Cloud** using **CI/CD** pipelines.

This role offers the opportunity to work on cutting\-edge AI integrations and shape intelligent, data\-driven products.

Key Responsibilities

* Design, develop, and maintain backend services and APIs using **Python (FastAPI)** and/or **Node.js (Express/Nest.js)**.
* Integrate **AI models and pipelines** using **LangChain**, **LangGraph**, and **other AI frameworks**.
* Build modular and scalable APIs to support **LLM\-based applications** and **AI\-driven workflows**.
* Manage and optimize **Relational (PostgreSQL/MySQL)**, **NoSQL (MongoDB/DynamoDB)**, and **Vector Databases** (Pinecone, Weaviate, Milvus, FAISS).
* Develop and manage **CI/CD pipelines** for continuous testing, integration, and deployment.
* Deploy, monitor, and scale backend services in **AWS Cloud** (EC2, Lambda, S3, RDS, etc.).
* Collaborate with AI engineers, data scientists, and frontend teams to deliver seamless, intelligent user experiences.
* Write clean, maintainable, and well\-documented code.
* Ensure system security, data integrity, and high performance.

Required Skills \& Qualifications

* Strong proficiency in **Python (FastAPI)** and **Node.js**.
* Proven experience in building **RESTful APIs** and **microservices**.
* Hands\-on experience with:
* **Relational Databases** (PostgreSQL, MySQL)
* **NoSQL Databases** (MongoDB, DynamoDB)
* **Vector Databases** (Pinecone, Weaviate, Milvus, FAISS)
* Practical experience with **LangChain** and **LangGraph** for building AI/LLM workflows.
* Familiarity with **AI model integrations** (e.g., OpenAI, Anthropic, Hugging Face, Gemini, etc.).
* Understanding of **CI/CD pipelines** using tools such as GitHub Actions, Jenkins, or GitLab CI.
* Strong experience with **AWS Cloud** services and **containerized deployments** (Docker, Kubernetes).
* Excellent debugging, problem\-solving, and performance optimization skills.

Nice to Have

* Experience with **event\-driven systems** (Kafka, RabbitMQ).
* Knowledge of **GraphQL**, **gRPC**, or **WebSocket\-based APIs**.
* Familiarity with **serverless frameworks** (AWS Lambda, API Gateway).
* Exposure to **AI orchestration frameworks**, **Retrieval\-Augmented Generation (RAG)**, or **LLM agents**.

Job Type: Full\-time

Pay: ₹2,000,000\.00 \- ₹2,500,000\.00 per year

Benefits:

* Health insurance
* Work from home

Ability to commute/relocate:

* Sohna, Gurugram, Haryana: Reliably commute or planning to relocate before starting work (Required)

Experience:

* Python: 6 years (Required)
* AWS: 3 years (Required)
* LLM /Gen AI/Langchain/Langgraph: 2 years (Required)
* Fast API: 3 years (Required)
* Vector Databases like Pinecone, Weaviate, Milvus, FAISS: 2 years (Required)
* o NoSQL Databases (MongoDB, DynamoDB): 2 years (Required)

Work Location: In person",,https://in.indeed.com/cmp/Healthec,https://d2q79iu7y748jz.cloudfront.net/s/_squarelogo/256x256/69993f0f865b07a01c75a0dafa2ad01a,https://www.healthec.com,Piscataway,,,,,,,,,
in-7281c974ad523a89,indeed,https://in.indeed.com/viewjob?jk=7281c974ad523a89,https://jobs.intuit.com/job/bengaluru/principal-software-engineer/27595/88812103184,Principal Software Engineer,Intuit,"KA, IN",,,,,,,False,,,,,"Category Software Engineering


Location Bangalore, India


Job ID 17350


  
Company Overview


Intuit is the global financial technology platform that powers prosperity for the people and communities we serve. With approximately 100 million customers worldwide using products such as TurboTax, Credit Karma, QuickBooks, and Mailchimp, we believe that everyone should have the opportunity to prosper. We never stop working to find new, innovative ways to make that possible.


Job Overview


QuickBooks is the flagship accounting software from Intuit that fuels millions of small business owners and accountants across multiple countries globally. QuickBooks is truly the operating system behind small business accounting and comes in multiple flavors \- QuickBooks Online, QuickBooks Desktop as well as the mobile edition. The Small Business Group provides multiple offerings of QuickBooks features such as Core Accounting, QuickBooks Commerce, Payments, Payroll, Point of Sale (POS). Built on cutting edge technologies by world class engineers based on Global Engineering Principles, the SBG product development team fosters innovation, providing the best in class experience to our small business owners, accountants and through Design for Delight, Rapid Prototyping, Fail Fast and Agile processes.  

  

 \[1] https://quickbooks.intuit.com/smallbusiness/  

  

 QuickBooks Commerce enables businesses to reach more customers, make more sales, add new channels and manage existing ones with seamless inventory integrations. It also helps our customers to easily identify their highest\-performing products across channels to improve their sales strategy.  

  

 Customers using QuickBooks Commerce can optimize their entire operations from one place including managing orders, tracking inventory and improving fulfillment from all channels with a single platform while getting powerful insights into all their sales data on\-demand.  

  

 This position requires strong software engineering skills. If you love solving real\-world challenges and making customers happy while fostering your desire to write perfect code and user experience, this is the job for you. Along with coding, you will be responsible for working with product managers, backend developers, and designers on our agile team structure. We love product engineers who lead the charge, communicate with customers and deliver the most beautiful, intuitive application. **Responsibilities**

* Ability to drive velocity in a highly matrixed environment, partnering with numerous stakeholders
* 12\+ years of experience developing systems/software for large business environments.
* 8\+ years of experience designing complex distributed systems, management products, or business applications.
* Full\-stack development experience with AI technologies/tools and apply it to user experiences or backend solutions.
	+ Experience with AI technologies like SageMaker, Vert.x, LangChain, Large Language Models, Prompt Engineering, DialogFlow, Python
	+ Experience with at least one of the following:
		- Front\-end technologies like React, Angular, SwiftUI (iOS), Kotlin (Android)
		- Back\-end technologies like Java, Typescript, Spring, Express (NodeJS)
* Prior working experience in a cloud computing environment like AWS/GCP is highly desired.
* Prior experience working in teams that have built AI native applications for 1\+ years
* BS/MS in Computer Science or related area.
 **Qualifications**

* Team player possessing strong analytical, problem\-solving, and communication skills
* Strong mentoring skills. Able to influence and communicate effectively with both technical and non\-technical people
* Prefers working in a team and collaborates with other cross\-functional partners.
* Ability to work effectively in a fast\-paced, complex technical environment.
* Excellent communication skills. Communicates clearly, succinctly, and persuasively to all levels of employees, customers, and management (including executives)
* ""Self\-starter"" attitude and the ability to make decisions independently
* Experience driving for results across cross\-functional teams while maintaining effective working relationships
* Demonstrated ability to work with global teams across time zones
  

Intuit provides a competitive compensation package with a strong pay for performance rewards approach. This position will be eligible for a cash bonus, equity rewards and benefits, in accordance with our applicable plans and programs (see more about our compensation and benefits at Intuit®: Careers \| Benefits). Pay offered is based on factors such as job\-related knowledge, skills, experience, and work location. To drive ongoing fair pay for employees, Intuit conducts regular comparisons across categories of ethnicity and gender.",,https://in.indeed.com/cmp/Intuit,https://d2q79iu7y748jz.cloudfront.net/s/_squarelogo/256x256/6c1869cd42e02618a68942718a56b46a,http://www.intuit.com/careers/glassdoor,"Mountain View, CA","10,000+",more than $10B (USD),"Intuit is the global financial technology platform that powers prosperity for the people and communities we serve with TurboTax, Credit Karma, QuickBooks, and Mailchimp.",,,,,,
in-d6bbb94e4c1fea56,indeed,https://in.indeed.com/viewjob?jk=d6bbb94e4c1fea56,http://in.indeed.com/job/aiml-engineer-d6bbb94e4c1fea56,AI/ML Engineer,Kaizen Voiz,"TN, IN",fulltime,,,,,,False,,,,,"**Job Opportunity: AI/ML Engineer**

Location: Chennai

Type: Full\-Time

Preferred Joining: Within 30 days

Minimum Experience: 2\+ Years

Education: Strong academic background with minimum 70% in Mathematics (X/XII/UG/PG); average score above 65%

**Who We're Looking For:**

We’re seeking a passionate technologist who thrives on building innovative solutions and writing clean, production\-ready code. This role is perfect for someone who enjoys working across different technologies and solving real\-world business problems using AI and ML.

If you’re someone who loves getting into the weeds of ML model deployment, enjoys experimenting with LLMs, or is excited about turning data into impact—this is the role for you.

**Your Role:**

As a AI/ML Engineer, you'll be involved in crafting intelligent automation solutions and developing core components of our AI\-driven products. You will also work with clients on implementing ML\-based use cases in real\-world scenarios.

Assist in developing machine learning models, particularly for computer vision and biometric applications.

Support the training, testing, and evaluation of AI/ML models.

Perform data preprocessing, feature engineering, and dataset management.

Work with facial recognition and liveliness detection algorithms.

Collaborate in developing proof\-of\-concept (POC) models for AI\-based products.

Participate in system integration, testing, and performance optimization.

Document code, model performance, and contribute to technical reports.

Continuously learn new AI/ML techniques and best practices.

**Core Skills We’re Looking For:**

Strong understanding of Python and popular AI/ML libraries such as TensorFlow, Keras, PyTorch, OpenCV, and Scikit\-learn.

Strong understanding of computer vision and image processing techniques.

Familiarity with AI/ML concepts: GPT models, custom LLMs, or fine\-tuning supervised, unsupervised learning, neural networks, model evaluation.

Good analytical thinking and problem\-solving skills.

Understanding of software development life cycle and version control tools like Git

Experience working with NLP or Computer Vision models (e.g., object detection, classification)

Solid understanding of the machine learning lifecycle — from model development to deployment

**Preferred Skills (Good to Have)**

* Strong hands\-on coding skills in Python
* Hands\-on experience with training models end\-to\-end
* Experience with handling datasets
* Good understanding of model evaluation metrics
* Libraries like spaCy, YOLO, Hugging Face Transformers
* Frameworks such as TensorFlow, Keras, PyTorch, MS\-CNTK
* Exposure to face recognition frameworks (e.g., FaceNet, Dlib)
* Basic understanding of liveness detection techniques
* Familiarity with REST APIs and basic backend integration
* Familiarity with Git and basic software engineering practices
* Knowledge of Docker and containerized environments
* Convert and optimize models for deployment (ONNX, TensorRT, OpenVINO — optional but preferred)
* Working in cloud environments or contributing to DevOps/MLOps pipelines
* Deploying ML models at scale with monitoring and lifecycle automation
* Experience with cloud\-based AI platforms (AWS, Azure, GCP)

Job Type: Full\-time

Pay: ₹460,000\.00 \- ₹480,000\.00 per year

Work Location: In person",,https://in.indeed.com/cmp/Kaizen-Voiz-1,,,,,,,,,,,,
in-642736ef80e43dad,indeed,https://in.indeed.com/viewjob?jk=642736ef80e43dad,https://infotalent.infocepts.com/infocepts/jobview/manager-43758--nagpur-2025103017453922?id=710169,Architect - Power BI,InfoCepts,IN,,,,,,,False,,,,,"**Position****: Analytics Lead**

  


**Purpose of the Position:**


To lead the design, development, and delivery of advanced analytics solutions that drive strategic decision\-making across client’s Pharmaceuticals’ commercial and market access functions. The Analytics Lead will serve as a key enabler of data\-driven insights, collaborating with cross\-functional teams to translate complex datasets into actionable intelligence that supports pricing, access, distribution, and patient outcomes.


This role is pivotal in shaping the analytics strategy, fostering innovation through AI/ML capabilities, and ensuring alignment with client’s mission to deliver transformative therapies for serious diseases.

  


**Key Result Areas and Activities:**

  


* **Analytics Strategy \& Execution** – Lead the development and execution of analytics solutions aligned with Vertex’s business goals.
* **Power BI Solutioning** – Design and implement scalable, interactive dashboards and reports using Power BI.
* **Stakeholder Collaboration** – Work closely with business users, data engineers, and product owners to gather requirements and deliver insights.
* **Data Governance \& Quality** – Ensure data accuracy, consistency, and compliance with Vertex’s data governance standards.
* **Team Enablement \& Mentorship** – Guide junior analysts and developers, fostering best practices in analytics and visualization.



**Essential Skills:**


* Strong expertise in Power BI – DAX, Power Query, data modeling, and visualization.
* Experience in SQL and data transformation techniques.
* Ability to work with large datasets and optimize performance.
* Familiarity with Azure Data Services (e.g., Data Lake, Synapse).
* Understanding of data warehousing and ETL pipelines.
* Experience in requirement gathering and translating business needs into technical solutions.
* Strong communication and stakeholder management skills.

  




**Desirable Skills:**


* Knowledge of Python or R for advanced analytics.
* Experience with Power Automate or Power Apps.
* Exposure to pharmaceutical or life sciences domain.
* Familiarity with Agile methodologies and tools like JIRA.
* Understanding of data governance tools like Azure Purview.

  


**Qualifications:**


* Experience: 6–10 years in analytics roles, with at least 3 years in Power BI leadership or solutioning.
* Education: Bachelor’s or Master’s degree in Computer Science, Data Analytics, Information Systems, or related field.

  


**Qualities:**


* Analytical mindset with a focus on business impact.
* Proactive problem\-solver and decision\-maker.
* Strong leadership and mentoring capabilities.
* Adaptable to evolving technologies and business needs.
* Detail\-oriented with a commitment to data quality and user experience.
* Self\-motivated and focused on delivering outcomes for a fast\-growing team


**Years Of Exp**7 to 11 years

**Location**India",,https://in.indeed.com/cmp/Infocepts,,https://www.infocepts.ai,"McLean, VA","1,001 to 5,000",Decline to state,,,,,,,
in-aef02ca063042c07,indeed,https://in.indeed.com/viewjob?jk=aef02ca063042c07,https://e2msolutions.keka.com/careers/jobdetails/45361?source=indeed%20job%20posts,Talent Acqusition Executive,E2M Solutions Private Limited,"GJ, IN",,,,,,,False,,,,,"E2M is not your regular digital marketing firm. We’re an equal opportunity provider, founded on strong business ethics and driven by more than 300 experienced professionals.Our client base is made of digital agencies that need help with solving their bandwidth problems, cutting overheads, and increasing profitability. We need diligent professionals like you to help us help them. If you’re someone who dreams big and has the gumption to make them come true, E2M has a place for you.  

About the Role
This role is for someone who enjoys challenges, learns quickly, and brings smart hiring strategies to the table. You’ll work on a wide range of tech and digital roles and help us build strong teams across multiple departments.  

Key Responsibilities* Handle end\-to\-end recruitment for roles like WordPress Developer, Shopify Developer, MERN Stack Developer, QA Engineer, Digital Marketing Specialist, AI/ML Engineer, Data Scientist, Automation Specialist, and other tech positions
* Build and maintain strong talent pipelines for current and future hiring needs
* Work closely with hiring managers to understand required skills and the right personality fit
* Use AI tools, job portals, social media, and modern sourcing methods to find and attract talent
* Screen candidates for skills, communication, and cultural fit
* Manage interview coordination, offer discussions, and provide onboarding support
* Keep track of hiring trends, talent availability, and salary benchmarks in the tech space.
* Suggest smart ideas to improve speed, quality, and efficiency in the hiring process

  

Qualifications \& Skills* 2–5 years of experience in end\-to\-end recruitment (preferably IT/Tech hiring)
* Experience hiring for both development and non\-development roles
* Ability to adapt AI tools for sourcing, screening, and improving productivity
* Strong communication skills with a confident, problem\-solving mindset
* Ability to work fast and manage multiple roles at the same time
* Comfortable working independently in a fast\-paced, target\-driven environment
* Familiarity with ATS platforms and modern recruitment tools",,https://in.indeed.com/cmp/E2m-Solutions-Private-Limited,,,,,,,,,,,,
in-8a10790ff9591b11,indeed,https://in.indeed.com/viewjob?jk=8a10790ff9591b11,https://careers.hitachi.com/jobs/17058600-data-engineer?tm_job=R0113012&tm_event=view&tm_company=2531,Data Engineer,Hitachi Energy,"TN, IN",fulltime,,,,,,False,,,,,"**Description**


**The opportunity:**


As a Data Engineer, you will be part of Operation Center, India (INOPC\-PG), aiming to develop a global value chain, where key business activities, resources, and expertise are shared across geographic boundaries to optimize value for Hitachi Energy customers across markets. As part of Transformers BU, we provide high\-quality engineering and Technology to Hitachi Energy world. This is an important step from Hitachi Energy's Global Footprint strategy.

**How you’ll make an impact:**

* Display technical expertise in data analytics focusing on a team of diversified technical competencies.
* Build and maintain accurate and scalable data pipeline and infrastructure such as SQL Warehouse, Data Lakes, etc. using Cloud platforms (e.g.: MS Azure, Databricks).
* Proactively work with business stakeholders to understand data lineage, definitions, and methods of data extraction. Write production\-grade SQL and PySpark code to create data architecture.
* Consolidate SQL databases from multiple sources, data cleaning, and manipulation in preparation for analytics and machine learning.
* Use data visualization tools such as Power BI to create professional quality dashboards and reports.
* Write good quality documentation for data processing for different projects to ensure reproducibility.
* Responsible to ensure compliance with applicable external and internal regulations, procedures, and guidelines.
* Living Hitachi Energy’s core values safety and integrity, which means taking responsibility for your own actions while caring for your colleagues and the business.

**Your background:**

* Bachelor's degree in computer science, Data Science, or related discipline and at least 5 years of related working experience.
* 5 years of data engineering experience, with understanding lake house architecture, data integration framework, ETL/ELT pipeline, orchestration/monitoring, star schema data modeling.
* 5 years of experience with Python/PySpark and SQL. (Proficient in PySpark, Python, and Spark SQL). 2\-3 years of hands\-on data engineering experience using Databricks as the main tool (meaning \>60% of their time is using Databricks instead of just occasionally).
* 2\-3 years of hands\-on experience with different Databricks components (DLT, workflow, Unity catalog, SQL warehouse, CI/CD) in addition to using notebooks. Experience in Microsoft Power BI.
* Basic understanding of Machine Learning algorithms. AI/ML can automate and improve data processing tasks, making them more efficient and accurate.
* Integrating AI/ML can help in building predictive models that can forecast trends and outcomes, providing valuable insights for decision\-making. AI/ML can be used to create personalized experiences for users by analyzing their behavior and preferences.
* AI/ML can automate repetitive tasks, freeing up time for more complex and creative work. Ability to quickly grasp concepts from a field that is not one's core competency.
* A fast learning generalist capable of solving problems independently and resourceful in a matrixed corporate environment.
* Proficiency in both spoken \& written English language is required.

**Qualified individuals with a disability may request a reasonable accommodation if you are unable or limited in your ability to use or access the Hitachi Energy career site as a result of your disability. You may request reasonable accommodations by completing a** **general inquiry form** **on our website. Please include your contact information and specific details about your required accommodation to support you during the job application process.**
------------------------------------------------------------------------------------------------------------------------------------------------------------------------------------------------------------------------------------------------------------------------------------------------------------------------------------------------------------------------------------------------------------------------------------------------------------------------

**This is solely for job seekers with disabilities requiring accessibility assistance or an accommodation in the job application process. Messages left for other purposes will not receive a response.**
---------------------------------------------------------------------------------------------------------------------------------------------------------------------------------------------------------",,https://in.indeed.com/cmp/Hitachi-Energy,https://d2q79iu7y748jz.cloudfront.net/s/_squarelogo/256x256/4b56466eaeb09fa805f77bbc3feb8759,http://www.hitachienergy.com,Zürich,"10,000+",more than $10B (USD),Advancing a sustainable energy future for all,,,,,,
in-72fc4a987bff11fb,indeed,https://in.indeed.com/viewjob?jk=72fc4a987bff11fb,https://www.capgemini.com/jobs/354306-en_GB+sap_btp/,Memory Circuit Engineer,Capgemini Engineering,"KA, IN",,,,,,,False,,,,,"Job Description


**About the Job**


Choosing Capgemini means choosing a place where you’ll be empowered to shape your career, supported by a collaborative global community, and inspired to reimagine what’s possible. Join us in helping leading Consumer Products and Retail Services (CPRS) organizations unlock the value of technology and drive scalable, sustainable growth.

**Your Profile**

* Minimum 4 to 12 Years of experinece In Memory Circuit Design
* **Digital Full Custom CKT Design**
* Bitcell Design
* Design of simpler memory blocks (decoding, rowdec, SA, IO block w/o RA, WA)
* Design of complex blocks like RA, WA, Rd selftime and write selftime
* SPRAM/Dual Port/ROM architecture
* Exploring and providing new ckt design and memory architectures – **Nice to have**
* **Library CKT verification at Compiler level**
* Sense Amp Analysis(offset, pulse width, glitch, coupling etc.)'
* Read/Write Selftime Analysis
* Functional/Power Marginality analysis
* Latch analysis
* ESPCV
* Power ON and power sequencing checks
* Extraction, IR/EM analysis, PERC etc. – **Nice to have**
* **Library CKT Char and Char verification**
* Timing, power, leak etc. setups(definitions, stimuli, MCF etc.)
* Timing, power, leak etc. verification (new addition)
* LVF analysis and implementation
* Critical Path Tight Stimuli (CPTS)
* Full Cut Tight Stimuli (FCTS)
* FC power, timing, power, leak and comparison with CP
* Decoupling CAP
* Ageing (char)
* Concept of Grid – **Concept should be known; methodology can be different in diff organizations**
* Infrastructure, Packaging \& Delivery – **ST Methodology will be trained separately**
* **CAD Tools (More conceptual knowledge needed, tools can be different)**
* Global BIST solutions e.g., MASIS, IR Drop solutions, AVM, RedHawk etc.
* Simulators e.g., XA, Eldo
* High sigma analysis (eldo FFP etc.)

**What You’ll Love About Working Here**


We value flexibility and support our employees with Hybrid work options and adaptable schedules to maintain a healthy work\-life balance. Our inclusive culture brings together diverse professionals committed to growth, innovation, and excellence. You’ll have access to continuous learning opportunities and certifications in emerging technologies like cloud and AI.

**About Us**


At Capgemini Engineering, the world leader in engineering services, we bring together a global team of engineers, scientists, and architects to help the world’s most innovative companies unleash their potential. From autonomous cars to life\-saving robots, our digital and software technology experts think outside the box as they provide unique R\&D and engineering services across all industries. Join us for a career full of opportunities. Where you can make a difference. Where no two days are the same.




Job Description \- Grade Specific
Focus on Electrical, Electronics and Semiconductor. Develops competency in own area of expertise. Shares expertise and provides guidance and support to others. Interprets clients needs. Completes own role independently or with minimum supervision. Identifies problems and relevant issues in straight forward situations and generates solutions. Contributes in teamwork and interacts with customers.
  
Ref. code
354306\-en\_GB
Posted on
24 Nov 2025
Experience level
Experienced Professionals
Contract type
Permanent
Location
Bangalore
Business unit
Engineering and RandD Services
Brand
Capgemini
Professional communities
Products \& Systems Engineering",,https://in.indeed.com/cmp/Capgemini-Engineering,https://d2q79iu7y748jz.cloudfront.net/s/_squarelogo/256x256/b6a78b3ba2ca3af11872b2e3d3bec64a,https://www.capgemini.com/es-es/sobre-nosotros/quienes-somos/nuestras-marcas/capgemini-engineering/,Paris,"10,000+",more than $10B (USD),"World leader in engineering and R&D services, Capgemini Engineering combines its broad industry knowledge and cutting-edge technologies in digital and software to support the convergence of the physic",,,,,,
li-4324392276,linkedin,https://www.linkedin.com/jobs/view/4324392276,,AI Developer Based in U.S.A,Advancio,,,,,,,,False,,,,,,,https://www.linkedin.com/company/advancio,,,,,,,,,,,,
li-4338576167,linkedin,https://www.linkedin.com/jobs/view/4338576167,,Artificial Intelligence/ Machine Learning Developer,Unissant,"Ashburn, VA",,,,,,,False,,,,,,,https://www.linkedin.com/company/unissant,,,,,,,,,,,,
li-4310741174,linkedin,https://www.linkedin.com/jobs/view/4310741174,,Machine Learning Engineer,FanDuel,"New York, NY",,,,,,,False,,,,,,,https://www.linkedin.com/company/fanduel,,,,,,,,,,,,
li-4338786218,linkedin,https://www.linkedin.com/jobs/view/4338786218,,Machine Learning Engineer,Ikigai,"Cambridge, MA",,,,,,,False,,,,,,,https://www.linkedin.com/company/ikigailabs,,,,,,,,,,,,
li-4338706263,linkedin,https://www.linkedin.com/jobs/view/4338706263,,"Data Scientist, New Graduate",Duolingo for Schools,"Pittsburgh, PA",,,,,,,False,,,,,,,https://www.linkedin.com/company/duolingoschools,,,,,,,,,,,,
li-4241285593,linkedin,https://www.linkedin.com/jobs/view/4241285593,,Machine Learning Engineer (L5) - Content Understanding,Netflix,,,,,,,,False,,,,,,,https://www.linkedin.com/company/netflix,,,,,,,,,,,,
li-4338925142,linkedin,https://www.linkedin.com/jobs/view/4338925142,,Machine Learning Engineer,Capgemini,"New York, United States",,,,,,,False,,,,,,,https://fr.linkedin.com/company/capgemini,,,,,,,,,,,,
li-4338925063,linkedin,https://www.linkedin.com/jobs/view/4338925063,,Machine Learning Engineer,Capgemini,"New York, NY",,,,,,,False,,,,,,,https://fr.linkedin.com/company/capgemini,,,,,,,,,,,,
li-4338767264,linkedin,https://www.linkedin.com/jobs/view/4338767264,,AI Engineer,Fathom,"San Francisco, CA",,,,,,,False,,,,,,,https://www.linkedin.com/company/fathom-health,,,,,,,,,,,,
li-4338803601,linkedin,https://www.linkedin.com/jobs/view/4338803601,,AI Agent Developer,Protera,,,,,,,,False,,,,,,,https://www.linkedin.com/company/protera,,,,,,,,,,,,
